index,response_text
0,Scale up
1,ability to keep up with and foresee research/industry trends and directions
2,"language abilities (Chinese, Korean, Japanese) to learn from the bigger battery markets"
3,Design for Reliability
4,Test
5,Agile
6,Innovative
7,Communication
8,design
9,manufacturing
10,testing
11,Electrochemistry
12,Process
13,Data Analysis
14,Scientific Observation
15,Data Analysis
16,ability to contribute to a team
17,Data analysis
18,research and experimentation
19,presentation skills
20,data science
21,manufacturing
22,pouch cells
23,Technical Knowledge
24,Software
25,Entrepreneurship
26,BMS
27,Safety
28,process engineer
29,cell knowledge
30,Electrical knowledge
31,organisational skills
32,poise
33,Manufacturing scale-up
34,Knowledge
35,Research
36,Analytical Power
37,MATLAB optimisation 1
38,COMSOL 2
39,Cell Engineering (R&D and Mature Products)
40,Product Pricing/Cost Engineering
41,Strategic Partnership
42,software/programming
43,battery chemistry design
44,testing
45,Material Synthesis
46,Material Characterization
47,Data Analysis
48,long term vision and planning skills
49,Product knowledge
50,People communication
51,Leadership
52,Project Planning
53,Manufacturing Basics
54,failure analysis
55,techno-economic analysis
56,codes/standards
57,electrochemistry
58,adaptability
59,perserverance
60,Cell cycling experience
61,electrode fabrication experience
62,SEM
63,hands-on experience building cells
64,materials research for dry processes
65,interdisciplinary collaboration
66,Battery Health Estimation Algorithm
67,Battery Field Systems Engineering
68,Battery Cost and Estimation Expertise
69,Design process
70,test
71,Battery code and standards
72,Battery products strategy and management
73,Battery system design and operation
74,Communications
75,integration instead of verticality
76,Technical background
77,customer relationship
78,industry understanding
79,Data analysis
80,statistics
81,communication
82,Creativity
83,problem solving
84,eye for detail
85,Communication
86,presentation
87,abstraction
88,Analysis
89,engineering
90,business skills
91,small molecule development
92,liquid electrolyte
93,BMS
94,Battery pack scale performance and safety concept
95,Failure analysis and feedback to design/process/application
96,intrapersonal skills
97,technical knowledge
98,grid knowledge
99,Process Engineering
100,Equipment Engineering
101,scale up for production
102,Skilled battery techs
103,Supply Chain
104,Embedded Systems
105,Unit Economics
106,Cell design
107,Cell manufacturing
108,Pack design
109,Manufacturing Experience
110,Industrial Knowledge
111,Quality Engineering
112,Analytics
113,Physics
114,Engineering
115,Systems
116,modeling and tools
117,supply chain
118,cell fabrication
119,Good knowledge about science of batteries
120,Familiarity with new approaches such as AI and Machine Learning
121,Networking and communication skills
122,Cell design
123,cell manufacturing process ramp-up
124,battery simulation and analytics
125,Strong manufacturing knowledge
126,financial planning in the industry
127,end consumer market knowledge
128,troubleshooting
129,learning
130,communication
131,Modelling
132,Testing
133,Algorithms
134,Electrochemical analysis
135,resilience
136,adaptability
137,rawmaterials value chain
138,long term safety
139,circular economy
140,Creativity
141,materials science
142,electrochemistry
143,eagerness/ability to learn
144,Market Knowledge
145,Product Knowledge on New Technologies
146,Strong Work Ethic
147,Fundamental electrochemistry knowledge
148,Material characterization
149,Data analysis and interpretation
150,Design of experiment (DoE)
151,communication
152,leadership
153,Application/Integration Engineering
154,Systems Engineering
155,Marketing
156,Networking
157,fundraising
158,risk assessment
159,analytics
160,chemistry
161,negotiation
162,Electrochemistry
163,Data Analysis
164,Data Presentation
165,Realistic project planning
166,cell working principle knowledge
167,customer management
168,Understanding of interrelationships between processes
169,Understanding of Deviation
170,QMS
171,Critical Mineral
172,commercial expertise
173,Manufacturing
174,cell
175,testin
176,polymer science fundamentals
177,battery space
178,Adaptability
179,Resilience
180,Creativity
181,Patience
182,dexterity
183,statistical analysis
184,Cell design
185,Chemistry
186,Manufacturing and automation engineering
187,Strategic Growth
188,B2B Lead Gen
189,D2C Growth Marketing
190,Technical
191,Problem solving
192,Management
193,Electrochemistry
194,Cathode materials synthesis
195,Metallurgy
196,electrochemical analysis
197,data analysis
198,logical thinking
199,Test bench
200,integration
201,pack-level assembly
202,AI/ML
203,Electrochemical Expertise
204,Thermal Management
205,Manufacturing
206,AI optimization
207,Safety testing
208,Battery modelling
209,testing and maintenance
210,battery safety
211,cross-functional work
212,bsuiness/tech junction
213,Sales
214,electrochemistry fundamentals
215,AI methods
216,interdiscipinarys
217,Scientist
218,AI/ML
219,Supply Chain
220,Gigafactory manufacturing experience
221,"knowing how to work with Asian companies (technically, culturally, etc)"
222,multidisciplinary engineering (knowing how to speak the language of other parts of batteries)
223,System engineering basics
224,Innovation
225,comprehensive understanding
226,continuous seeking for additional knowledge
227,cell modeling
228,political maneuvering
229,networking
230,Data evaluation/statistics skills
231,genuine people skills
232,entrepeneurial mindset
233,Creative engineering
234,clear communication and expectations
235,multidisciplinary thinker
236,Design
237,Thermal
238,Packaging
239,Battery safety experience
240,understanding how to minimize potential failures
241,Battery Management Systems
242,Battery Modeling
243,Battery Charging
244,Process scale-up
245,Electrolyte development
246,Electrochemical data analysis
247,Engineering supply chain
248,project development
249,Battery manufacturing
250,go-to-market experience
251,thermal management
252,Technical expertise
253,basic chemistry knowledge
254,presentation and communication skills
255,Manufacturing excellence
256,supply chain logistics management
257,safety
258,Material Characterization
259,Programming
260,Hardware Knowledge
261,sales
262,energy market architecture
263,public speaking
264,Product development
265,business development
266,sales & marketing
267,Complex problem solving
268,manage pressure
269,innovation
270,1
271,2
272,3
273,Marketing
274,Manufacturability
275,Leadership
276,Prior knowledge of industry
277,ability to formulate effective procedures
278,flexibility
279,EIS
280,design of experiment
281,pouch cell build experience
282,Problem solving skills
283,Subject Matter Expertise
284,Market Research
285,Commercial Negotiations
286,protection engineering
287,maintenance
288,manufacturing technician
289,Software skills
290,commercial/technical expertise
291,systems based approaches
292,basic chemistry and electrochemistry knowledge
293,mechanical design
294,clear communication
295,Material Development
296,Battery manufacturing skills
297,capabilities to quickly build prototype
298,simulation skills
299,Battery energy storage system
300,electrical engineering
301,Materials knowledge
302,research experience
303,understanding of basic science
304,Chemistry Materials knowledge
305,python
306,leadership
307,Basic understanding of a battery
308,Battery manufacturing
309,Battery failures
310,Mandarin
311,Presentation skills
312,Metrology
313,project management
314,critical thinking
315,communication
316,deposition techniques
317,batteries
318,imaging techniques
319,Characterization
320,testing
321,synthesis
322,Electrochemistry
323,mechanical and electrical engineering
324,Work prioritization and planning
325,advanced problem solving methods
326,"core engineering methods (GD&T, and other traditional tools)"
327,Manufacturing experience
328,failure analysis
329,pack design
330,battery management systems
331,Testing
332,validation
333,Cell Production
334,Cell Design
335,Simulation
336,Manufacturing
337,Materials Science
338,Data Analytics
339,Process Engineering
340,Product
341,Controls & Automation
342,People leadership
343,chemistry
344,data analysis
345,ability to think independently to solve problems that cut across the academic areas of study
346,abilit
347,electrical engineering
348,data science
349,manufacturing
350,Coding
351,Electrochemistry knowledge
352,Advanced manufacturing
353,supply chain
354,cell development
355,Data analysis
356,presentation
357,coding
358,strong team work skills and intercultural competence
359,know how in data science
360,frustration tolerance
361,software engineering
362,data science
363,strategy
364,networking
365,leadership
366,creativity
367,knowledge
368,methodology
369,Materials Science Knowledge
370,Engineering
371,cathode fabrication
372,Process development
373,statistics
374,electrochemistry
375,Electrochemistry
376,Materials Science
377,Critical Thinking
378,data analysis
379,Manufacturing
380,manufacturing
381,software
382,reliability
383,Materials Science
384,electrochemistry
385,process engineering
386,Cell quality
387,supplier negotiation
388,battery SOC
389,Manufacturing
390,Electrochemistry
391,Team building
392,Computer science
393,Electronics
394,Modelling
395,The ability to improve the process
396,software automation
397,Critical thinking
398,Problem solving
399,Team work
400,multilingualism 1
401,product design 2
402,marketing 3
403,leadership
404,honesty
405,economics
406,Motivation
407,Innovation
408,AI
409,Coordinated BMS / cell strategy
410,Battery case manufacturing
411,Battery case cover materials
412,ISO26262
413,FUSA
414,Thermal Runaway
415,perserverance
416,adaptablility
417,attention to detail
418,integration into bigger picture
419,understanding numbers
420,Materials characterization skills
421,bench to pilot scale-up ability
422,processing/properties understanding
423,Manufacturing experience
424,Understanding technology from lab to product
425,understanding market segments
426,Electrochemistry data analysis
427,manufacturing/scale-up knowledge
428,good communication of scientific findings
429,cell chemistry
430,electronics
431,systems engineering
432,Control engineer
433,process engineer
434,manufacturing engineer
435,Systems level thinking
436,battery data understanding
437,voice of customer
438,Electrochemistry and battery chemistry
439,BMS
440,Modeling
441,Full Battery Chemistry and Cell Design understanding and Experience
442,High Volume Manufacturing Process and Equipment Experience
443,Accurate Cost and Time Planning for R&D to Pilot to Manufacturing
444,Open minded
445,technical expert
446,negotiator
447,Leadership
448,Communication
449,Empathy
450,Curiosity
451,Perseverance
452,Teamwork
453,Data analysis
454,coding
455,Critical thinking
456,data visualisation and analysis
457,depth and breadth together
458,Programming
459,electrochemistry
460,mechanical design
461,Firmware Controls development
462,Battery Testing
463,Cell Testing
464,data analysis
465,quality control
466,hands-on know-how
467,Electrochemistry fundamentals
468,Process Engineering
469,Chemical Engineering
470,Electrode Fabrication
471,systems approach with scientific methodologies
472,chemistry and engineering process R&D
473,safety testing and mitigation analysis
474,Material Synthesis
475,Cell design
476,cell modeling
477,knowledge to setup the production line
478,knowledge of how to improve the yield in the short time frame
479,how to find the best match between the equipment and raw materials
480,Simulations
481,Electrical Circuits
482,Test Plan Design
483,Lean Manufacturing for Cell Production
484,Software engineering
485,product marketing
486,market optimization experts
487,Product management
488,Battery modelling
489,project management
490,market knowledge
491,Fundamental knowledge of the electrochemical kinetics
492,Experience
493,Global economic status
494,Project management
495,operations experience (in commercial sized manufacturing plant
496,scale up experience
497,communication
498,power electronic knowledge
499,compliance knowledge
500,Problem solving
501,communication
502,experience
503,technical knowledge beyond a very specialized field
504,market knowledge beyond cherry-picked studies and forecasts
505,cathodes and anode materials
506,Li-ion batteries
507,Na-ion batteries
508,Reactor / Scale-up engineers
509,equipment engineers
510,interdisciplinary (mechanical + electrical skills)
511,high voltage design knowledge
512,excellent general design skills
513,Soft Skills
514,Problem solving
515,collaboration
516,manufacturing
517,Data science
518,process engineering
519,failure analysis
520,deep work
521,experimental design
522,reasoning
523,chemistry
524,electrochemistry
525,fabrication
526,hands-on experience in battery manufacturing at the MP scale
527,Difference between testing for R&D vs production
528,how to balance between science experiment vs something the customer cares about
529,Mechanical design
530,Communication
531,collaboration
532,team work
533,data analysis
534,electrochemistry
535,systems engineering
536,Process optimization
537,system engineer
538,manufacturing engineer
539,Battery Integration
540,Practical Thinking
541,Regeneration of electric power
542,PLC programming
543,in depth knowledge of battery management system
544,quick decision
545,data analysis
546,experimental design
547,project management
548,Electrolyte development
549,Simulation and battery design
550,Certification
551,Specification
552,Procurement
553,SOH prediction
554,thermal management
555,BMS
556,Materials science expertise
557,battery management system (BMS)
558,data analysis
559,Manufacturing
560,Data science
561,Electrochemistry knowledge
562,flexibility in thinking
563,strategic action
564,endurance
565,Manufacturing
566,Technical understanding
567,result oriented
568,drive
569,Cell knowledge
570,battery project experience with big OEM
571,supply chain
572,foresight
573,adaptibility
574,resilience
575,Scale up engineering
576,Innovation
577,project management
578,teamwork
579,manufacturing
580,design-to-cost
581,system integration
582,Ability to forecast price trends
583,Technology trends
584,data science knowledge
585,AI based algorithm capability
586,battery design expertise
587,Thermodynamics
588,coding
589,guesstimating
590,Battery material design for the high storage capacity
591,electro-thermal simulation
592,soild-solid interfacial chemistry
593,solid polymer electrolyte
594,Leading a technical team with emotional intelligence
595,failure analysis standardized in residential battery industry
596,sexual harassment trainings for technical managers
597,Technology transfer
598,Cell reliability analysis
599,Process engineering
600,electrochemisty
601,process engineering
602,BMS
603,Critical thinking
604,Market-driven thinking
605,Strategic analytical capability
606,Innovation
607,Business Development
608,Cross-cultural Understanding
609,Predicting battery deterioration
610,Predicting battery failure
611,Artificial intelligence
612,Analytical Development
613,Team Management
614,System Integration
615,characterization
616,manufacturing
617,recycling
618,Process Engineering
619,Product Management
620,Technology Development
621,Flexibility
622,Knowledge
623,Qualification
624,Clear communication with chinese suppliers
625,understanding ageing of batteries
626,system thinking for fast charging
627,Explaining complex things in a simple way
628,data handling and manipulation
629,production process knowledge
630,data analysis
631,electrical engineering
632,programming
633,Maintenance engineers
634,skilled production operators
635,skilled process engineers
636,Electrochemistry
637,knowledge about real batteries
638,programming for data processing
639,Understanding of manufacturing
640,data visualization
641,Electrical/power electronics systems development
642,next generation modeling (I.e beyond porous continuum modeling)
643,leadership/organizational skills
644,Adaptability
645,polyvalence
646,Cell Modeling
647,High Power Electrical Engineering
648,Mechanical Engineering
649,Problem solving
650,communication
651,Technical know how
652,flexibility
653,market knowledge
654,Automation and AI integration into the manufacturing process
655,handling hazardous materials
656,chemical engineering
657,Pilot line operation and scaling
658,testing protocol
659,customer development
660,Creativity
661,interdisciplinarity
662,communicativeness
663,Technical project/program management
664,Business acumen
665,Coding
666,modelling
667,cell assembly
668,Pragmatism
669,cost analysis
670,Chinese language
671,Technical writing
672,Engineering economic analysis
673,Industrial engineering & design for manufacturability
674,Hollistic understanding
675,material
676,battery regulations
677,domain expertise
678,ability to construct BMS
679,willingness to keep up with industry developments
680,Curiosity
681,team spirit
682,Data Science
683,Cell physics
684,metallurgy
685,Fundamental materials science knowledge
686,fundamental materials processing knowledge
687,data science applied to materials science
688,battery manufacturing expertise (from cathode active material to formation)
689,failure analysis for yield improvement in manufacturing
690,Communication
691,Getting things done
692,working under pressure
693,safety
694,cost optimization
695,economy of scale
696,Equipment design
697,process optimization
698,facility design and implementation
699,Lean manufacturing
700,Robotics
701,Logistics
702,Industry experience
703,data processing / data analysis
704,vendor management
705,battery pack design
706,systems engineering
707,cross-functional teamwork
708,Battery design
709,Cell research
710,BMS
711,electrochemistry background
712,materials science
713,data analysis
714,Lean six sigma
715,Electrochemistry
716,Presentation/documentation
717,Data Driven Decision Making
718,IOT Base Decision Making
719,Communication soft Skills
720,battery testing results interpretation
721,more time efficient battery testing methodologies
722,interaction between chemists and engineers
723,Modeling/simulation
724,algorithms
725,testing
726,material synthesis
727,material analysis
728,electrochemistry
729,CAD Skills
730,production experience
731,project management
732,Data Analysis
733,Leadership
734,Fast-paced learning
735,Basic electrochemistry
736,Impedance spectroscopy
737,scaling technology
738,battery recycling
739,battery manufacturing
740,Digitalization
741,Quality
742,Logistics
743,Analysis
744,characterization
745,Understanding
746,System integration
747,mechanical engineering
748,chemical engineering
749,High volume manufacturing experience
750,experience with high volume manufacturing tools
751,Digital Architecture for a battery factory
752,R&D engineers
753,Modeling experience
754,quantitative analysis
755,cell design and end to end process interactions
756,process control
757,comprehensive cell safety evaluation
758,communication
759,controls oriented modeling
760,physics intuition
761,Compliance
762,Functional Safety
763,Testing
764,Electrical Engineering
765,Town Planning
766,C Suite
767,Diverse Mindset
768,Interdisciplinary Communications
769,Public Engagement
770,Electrolyte
771,Testing Protocol
772,New Materials
773,endurance
774,problem solving thinking
775,specialist knowledge
776,Open Minded
777,Future problem solves
778,passionate about decarbonization
779,communication
780,digital
781,technical
782,Analytical Skill
783,Knowledge Sharing
784,Mutual Understanding
785,Cross department collaboration
786,process improvement
787,efficient record keeping / data entry
788,Understand the battery production process
789,Have electrochemical knowledge
790,Understand market dynamics and influences
791,Competences within the specific manufacturing processes
792,Emission/effluent abatement systems and environmental control
793,Curious
794,level-headed
795,adaptable
796,Surface analysis knowledge
797,Material characterization
798,Domain knowledge
799,Coding
800,data interpretation
801,data science
802,battery recycling expertise
803,circular economy expertise
804,Curiosity
805,Agility
806,Patience
807,electrochemistry
808,material chemistry
809,system design
810,Chemistry
811,Battery management systems
812,Product & system design
813,Persuasion
814,Synthesis of divers information
815,Production know-how
816,global strategic view
817,real compromise for action against climatic change
818,materials
819,electrochemistry
820,electric
821,Manufacturing
822,Upscaling
823,cell design
824,integration
825,electronics
826,electrochemistry
827,Proactivity
828,ambition to learn
829,hunger for efficiency
830,Supply chain knowledge
831,Ability to work in a team
832,Coating knowledge
833,Problem Solving
834,Coding
835,Material Characterisation
836,Material Science and Electrochemistry expertise
837,"thinking out of the box, global mindset"
838,biochemical bio-nature data integration
839,Electrochemical knowledge
840,program management
841,data analysis
842,Lithium solid state battery Expert
843,knowledge-experience of real behavior
844,operational experience in the field
845,background
846,Innovative mindset (thinking out of box)
847,Deep knowledge on Energy Material Design and Engineering
848,Cell Design
849,Delegate decisions downwards
850,allow innovation
851,manufacturing knowledge
852,performance analysis
853,system engineering
854,Battery chemistry expertise
855,holistic & logical thinking
856,understanding product safety
857,Cell Design
858,Battery Systems
859,BMS
860,electrochemistry
861,characterization
862,cost engineering
863,process engineers - manufacturing
864,taking initiative
865,industry network
866,organized process building
867,battery chemistry
868,manufacturing
869,supplier relationships
870,data analysis
871,time management
872,understanding of chemistry
873,Communication
874,Accountability
875,Problem-solving
876,consulting in VUCA times
877,Materials Synthesis
878,Application of Statistics
879,Cell construction
880,Understanding new technologies
881,Critical thinking
882,Electrochemistry knowledge
883,Analytical thinking
884,Quality awareness
885,Ability to lead
886,python
887,instrumentation
888,communications skills
889,balance of technical and commercial
890,electrochemical
891,cathode
892,Battery Safety skills / knowledge
893,R&D knowledge
894,innovation
895,Electrochemistry
896,chemistry
897,physics
898,flexibility
899,Massive-scale manufacturing
900,chemical hazard management
901,thermodynamics
902,adaptability
903,resilience
904,problem solving
905,Logistics
906,manufacturing integration
907,market and value chain knowledge
908,business development
909,coordination
910,electrochemical testing
911,programming
912,data analysis
913,system level understanding is under-appreciated
914,Education with electro-chemistry degrees is under-appreciated
915,Cathode active material manufacturing
916,quality control testing
917,electrode manufacturing
918,resilience
919,adaptability
920,iniciative
921,technical workings of lithium ion battery
922,Cell manufacturing methods
923,Cell evaluation methods
924,Data Analysis
925,Modeling
926,communication
927,Communication
928,Interdisciplinary Competences
929,Chemical Background
930,communication
931,collaboration
932,empathy
933,Controls(bms)
934,material discovery (ml AI)
935,NPI
936,sales
937,statistics
938,Statistical analysis
939,large cell manufacturing
940,manufacturing processes
941,Machine learning
942,modeling
943,characterization testing
944,digitalization and simulation
945,process know-how
946,how to scale fast successfully
947,Battery trouble shooting
948,battery knowledge
949,adhesive knowledge
950,relationship development
951,key people location
952,project management
953,Cell design
954,Process and material selection
955,Technical Competence
956,Account management
957,Manufacturing knowledge
958,Methodically run statistically designed experiments
959,transfer R&D lab results to pilot and production
960,communicate/facilitate communication between people with different backgrounds and education level
961,Willingness to get hands dirty
962,flexibility
963,ability to deal with change
964,multiscale-simulation
965,scale-bridging
966,interface chemistry
967,Coding
968,practical lab skills
969,soft skills
970,control
971,models
972,systems
973,Product design
974,industrial design
975,marketing
976,Testing
977,Simulation
978,Analysis
979,Strategic Planning
980,Communication
981,Building partnerships
982,Testing and Validation
983,Simulation
984,Data Analysis
985,Sales
986,Technical Aptitude
987,Flexibility
988,Cell Analytics
989,BMS Hardware
990,Cell Chemisty
991,Battery chemist
992,mining expert
993,battery manufacturing engineer
994,Material Engineering
995,Battery Testing
996,Battery Safety Design
997,Networks
998,Abilities to speak around technical topics
999,ready to fast changing
1000,Problem identification
1001,problem solved
1002,Customer time value
1003,Strategic Planning
1004,Mechanical Design
1005,Manufacturing Technology
1006,Cell modeling
1007,Cloud Engineering
1008,Algorithms engineering
1009,Electrochemical Engineering and Materials Science
1010,Battery Management Systems (BMS) and Data Analytics
1011,Sustainability and Recycling Expertise
1012,testing
1013,diagnostics
1014,cell chemistry
1015,Cell cycling
1016,electrochemical modelling
1017,5+ years experience
1018,Modelling
1019,Fabrication
1020,Design
1021,Efficient planner
1022,Cell Engineering
1023,Problem Identifier
1024,Chemical Engineering
1025,Materials Science
1026,Equipment Engineering
1027,Dumb it down
1028,Communication
1029,HAZID
1030,Science Knowledge
1031,Creativity
1032,Team Player
1033,Competency
1034,Curiosity
1035,Fearlessness
1036,Process Engineering
1037,Product Development
1038,Supply Chain Analysis
1039,Electrochemistry
1040,materials
1041,personal skills
1042,curiosity
1043,Electrochemical modeling
1044,Recycling expertise
1045,AI/ML integration
1046,manufacturing optimization
1047,data analysis
1048,failure mode analysis
1049,communication
1050,problem solving
1051,adaptability
1052,Science knowledge
1053,Equipments proficiency
1054,Networking
1055,Technical Expertise
1056,Technology Leadership
1057,Opened to change
1058,Processing/manufacturing seem to be the highest demand
1059,electronics engineering
1060,R&D seems under-appreciated in industry
1061,multidisciplinary
1062,adaptability
1063,customer based thinking
1064,Technical acumen
1065,Board relationship management
1066,technical understanding
1067,Soft skills
1068,data analytics
1069,science communication
1070,mentorship and community building
1071,Cathode material
1072,cell design
1073,Simulation
1074,Technical Communication
1075,electrochemistry
1076,Material Science
1077,Sustainable approaches
1078,Data analytics
1079,Stakeholder management
1080,communication
1081,High Voltage technical expertise
1082,Corrosion
1083,welding
1084,simulation
1085,Automation
1086,mechanical engineering
1087,material science
1088,interpretation of data
1089,statistics
1090,operational experience
1091,Practical skill
1092,Computer skill
1093,Marketing skill
1094,Process/performance relationship
1095,High voltage battery safety
1096,design for production
1097,industrial cleanliness
1098,Data science
1099,Power Electronics
1100,Root cause Analysis
1101,quality engineer
1102,slurry mixing technician
1103,electrode coating technician
1104,Electrochemistry
1105,coding
1106,storytelling
1107,Openmindedness
1108,scientific communication
1109,attention to detail
1110,articulation between university and industry
1111,resilience
1112,creativity
1113,humility
1114,Fire Engineering
1115,Environmental Protection
1116,Engineering Design
1117,Functional Safety
1118,System Engineering
1119,IT
1120,Equipment manufacturing engineering
1121,battery engineer
1122,Fire response and mitigation
1123,modeling
1124,testing
1125,quality control
1126,Cell experience
1127,Material experience
1128,Upscaling experience
1129,Automation Engineering
1130,Process Engineering
1131,Battery Design Engineering
1132,Data science
1133,Leadership
1134,Time Management
1135,FMEA
1136,Battery expertise
1137,Operational knowledge
1138,contract interpretations
1139,manufacturing engineer
1140,quality engineer
1141,technician
1142,Strategy
1143,business development
1144,safety professionals
1145,Knowledge about battery manufacturing
1146,Process engineering scalability
1147,Process engineering tools
1148,First principle thinking down to battery material design or manufacturing process
1149,Ability to explain electrochemistry in plain words that everyone will understand
1150,keep health and work really hard
1151,electrochemistry
1152,manufacturing
1153,data analyses
1154,Material synthesis
1155,Dry electrode fabrication
1156,Battery cell data analysis
1157,Data management
1158,data analysis
1159,manufacturing
1160,Problem solving
1161,technical
1162,project management
1163,Process engineering
1164,manufacturing-related
1165,modelling
1166,Creativity
1167,Ability to Think Outside the Box
1168,Importance of Solid State Chemistry
1169,Programming
1170,AI
1171,ML
1172,thermal management
1173,cell modeling
1174,module and pack design
1175,electrochemistry
1176,people skills
1177,simulation
1178,Thermal
1179,testing
1180,materials knowledge
1181,Markets
1182,interconnection
1183,Battery modeling
1184,AI
1185,Python
1186,Electrical
1187,electrochemical
1188,regulatory
1189,Battery Pack Engineering
1190,Firmware/algorithm development
1191,Thermal Event management
1192,System integration
1193,thermal management
1194,electro-chemistry
1195,Application knowledge
1196,thermo dynamic understanding
1197,supply chain
1198,thermal management system
1199,bms
1200,Modelling
1201,Data Analysis
1202,Being updated with recent research
1203,battery management systems engineer
1204,alternate battery chemistries
1205,computational design of materials
1206,Electrode fabrication
1207,HV design
1208,Electrothermal Modelling
1209,BMS development
1210,ability to learn
1211,open minded
1212,analytic mind
1213,"Understanding key factors in battery (misbalance, effect of impedance variation on whole bandwidth)"
1214,understanding measurement and modelling of cell
1215,understanding of venting
1216,Testing
1217,design and development engineers
1218,modelling
1219,Simulation
1220,Design
1221,Testing
1222,communication
1223,networking
1224,cross-disciplinary collaboration
1225,communication
1226,VUCA Robustness
1227,tallented
1228,hard-working
1229,well-organized
1230,Couriosity
1231,Perseverance
1232,beeing a Teamplayer
1233,Materials Science
1234,Cell manufacturing
1235,BMS design
1236,Pack assembly
1237,Problem solving
1238,data analysis
1239,safety
1240,Problem solving
1241,Doe planning
1242,failure analysis
1243,English
1244,Chinese
1245,Engineering
1246,understanding customer needs (not wants)
1247,problem solving flexibility (if your idea isn't working drop it!)
1248,listening to your customers AND your internal team members
1249,Critical thinking
1250,process development
1251,scale-up
1252,Battery modeling
1253,Battery safety
1254,Extensive battery testing
1255,diagnostics
1256,integration
1257,data origination
1258,Failure modeling
1259,battery physics/chemistry modeling
1260,field data analysis
1261,Electrochemistry
1262,datascience
1263,manufacturing system
1264,Material Design and Development
1265,Optimization
1266,Advance knowledge on Material Softwares AI ML and Data Science
1267,full cell design
1268,leadership experience
1269,"integrated system experience (ERP, MES, etc.)"
1270,Scale up
1271,manufacturing
1272,modeling batteries
1273,power electronics
1274,thermal modeling
1275,BESS integrator
1276,battery testing
1277,R&D
1278,Electrode coating
1279,Cell design experience
1280,Business Development Closing skills
1281,Manufacturing Engineers
1282,Controls Engineers
1283,People Managers
1284,Vendor/consultant evaluation
1285,fire safety/standards expertise
1286,commissioning expertise
1287,Manufacturing
1288,process engineering
1289,electrochemistry
1290,solutions for disposing of lithium batteries
1291,recycling lithium batteries
1292,recycling chemical batteries
1293,Data analysis
1294,electrochemistry
1295,material science
1296,Commercial skills
1297,manufacturing plant personnel
1298,automation
1299,Battery Rework Technicians
1300,Battery Quality Engineer
1301,Battery Data Analyst
1302,Understanding of Lithium Chemistry
1303,Its Deterioration
1304,Battery Management System
1305,Project Management
1306,Leadership
1307,Supply Chain Management
1308,Data analysis
1309,EIS techniques
1310,software development
1311,Cathode Material synthesis
1312,cell assembly
1313,crll
1314,operations
1315,user-centric design
1316,Prioritization
1317,communication
1318,managing expectations
1319,Innovation
1320,hard work
1321,knowledge
1322,Application knowledge
1323,production knowledge
1324,material knowledge
1325,Data Science
1326,Experiment Design
1327,Python
1328,Battery chemistry knowledge
1329,Future tech understanding
1330,Project management
1331,Customer support for systems in operation
1332,Field service during maintenance
1333,Oversight in complex BESS application behind the meter
1334,System Architecture development
1335,requirement decomposition
1336,thermal propagation prevention design
1337,Equipment Commissioning and Tuning
1338,Equipment operation
1339,simulation
1340,coding
1341,Research
1342,thermal management
1343,CAD
1344,Cell manufacturing
1345,process engineer
1346,AI
1347,electrochemistry
1348,work overtime
1349,Critical thinking
1350,broad experience
1351,electrochemistry
1352,materials characterization
1353,battery assembly
1354,Regulatory Compliance
1355,Battery synthesis
1356,Engineering
1357,Machine design for new technologies
1358,process development for industrialization of new tech
1359,Equipment design
1360,process development
1361,product evaluation
1362,systems engineering
1363,data analytics
1364,technicians
1365,Scale-up
1366,process development
1367,automation
1368,Web handling
1369,Process development
1370,Material development
1371,Process engineering
1372,research acumen
1373,electrochemistry
1374,Industrialization
1375,value engineering
1376,application engineering
1377,flexible knowledge
1378,driven
1379,practical
1380,Meticulous
1381,team-player
1382,problem-solver
1383,manufacturing know how
1384,battery analytics
1385,R&D
1386,data analysis
1387,materials characterization
1388,Formation process optimization
1389,manufacturing equipment bring up
1390,Technical understanding
1391,electrochemical background
1392,testing understanding
1393,Material Science and Engineering
1394,Battery Simulation and Modeling
1395,Electrochemical testing and characterization
1396,Understand the Concept
1397,Implement that Concept
1398,Improvise that Concept
1399,Process integration
1400,Data analysis
1401,process development
1402,manufacturing
1403,how batteries work in general terms
1404,how things work with battery manufacturers
1405,knowledge of battery system (cell + BMS)
1406,Analytics
1407,Energy Engineering
1408,Chemistry and its Applications
1409,large battery projects
1410,electrochemistry coupled with programming skills
1411,chemical engineers with a battery background
1412,Research and Development
1413,Electrochemistry
1414,Data Analyst
1415,Flexibility
1416,collaboration
1417,drive
1418,Battery materials science
1419,Chemical engineering for battery materials
1420,Cathode manufacturing science
1421,Think outside of the box
1422,Flexable
1423,Great memory thing change fast
1424,Team oriented
1425,flexible
1426,self-motivated
1427,Policy/regulation expertise
1428,chemical engineering
1429,project management
1430,Understanding of how a business works
1431,communication skills
1432,organic and inorganic chemistry
1433,battery cell design
1434,manufacturing expertise
1435,Cell Design
1436,Cell Manufacuring
1437,Electrode Coating
1438,Talent sourcing
1439,HR management
1440,communication
1441,enthusiasm
1442,knowledge
1443,Manufacturing ramp up
1444,lithium material knowledge
1445,machine altering knowledge
1446,communication skill
1447,AI
1448,business development
1449,Mechanical engineering
1450,data analysis
1451,organic chemistry
1452,Battery Management Systems Operator and Technician
1453,Energy Storage Grid Optimization
1454,Manufacturing technician
1455,HV safety
1456,Production
1457,lean manufacturing
1458,quality
1459,technical knowledge
1460,Management
1461,Transformational Mindset
1462,Curiosity
1463,Commitment
1464,Practicality
1465,Battery pack design and management
1466,battery modeling
1467,battery testing
1468,Data Analysis
1469,Simulation
1470,Manufacturing
1471,Application engineer
1472,electrical engineer
1473,electrochemist
1474,Creative thinking
1475,entrepreneurial outlook
1476,attention to details
1477,Manufacturing Engineers who understand battery technology
1478,Experienced top level scientists with a wide range of battery tech knowledge
1479,Cell safety experts
1480,Design
1481,testing
1482,regulations
1483,technical expertise
1484,understanding numbers
1485,Synthesis
1486,Electrochemistry
1487,Troubleshooting
1488,agility
1489,curiosity
1490,open minded
1491,Battery basics
1492,safety/regulatory
1493,team work
1494,Safety
1495,Cell Fundamentals
1496,Failure Analysis
1497,Development
1498,O&M
1499,legal
1500,Electrochemistry
1501,Research skills
1502,Math deep knowledge
1503,Data analysis
1504,electrochemistry
1505,business analysis
1506,Resilience
1507,vision
1508,patience
1509,Critical thinking
1510,Supply chain
1511,basics of electrical engineering
1512,CAD
1513,Materials science
1514,electrochemistry
1515,data analysis
1516,"communicating with respect, i.e. soft skills"
1517,fundamental electrochemistry
1518,data handling
1519,python
1520,thermal runaway testing
1521,materials science
1522,process development
1523,supply chain development
1524,relationships
1525,Self starter
1526,critical thinker
1527,flexible
1528,Understanding of battery dynamics
1529,Working on protoypes not only computer simulations or digital twins
1530,Cost / Performance analysis
1531,"Cross discipline understanding (i.e. Mechanical, Electrical, Software)"
1532,"Proper sizing of packs per application, not generic usage"
1533,More innovative BMS development
1534,Data science
1535,electrochemistry
1536,process engineering
1537,Data science
1538,electrical test/reliability
1539,multi-physics modeling
1540,mechanical design
1541,Communication
1542,problem solving
1543,processing
1544,Willingness to embrace new ideas
1545,Communication skills
1546,continuous learning
1547,Chemists
1548,engineers
1549,marketing
1550,Electrochemistry
1551,manufacturing
1552,Systems thinking
1553,lean scaling approaches
1554,instrumentation engineering
1555,Chemical engineers
1556,project managers
1557,commercial specialists
1558,Previous hands-on experience (especially in manufacturing)
1559,network
1560,scientific/technical rigour
1561,Process improvements
1562,Battery Management Systems
1563,Research and Development
1564,simple working of battery education
1565,focus and R n D
1566,country specific needs
1567,Material science
1568,BMS simulation
1569,Data Science
1570,Design
1571,System Engineering
1572,Testing
1573,statistical DoE in R&D
1574,manufacturing engineering
1575,non-academic R&D
1576,Problem recognition skills
1577,Analytical skills
1578,Imagination and creativity
1579,Eagerness to solve a problem
1580,Modeling
1581,chemical handling/lab skills
1582,machine learning
1583,System knowledge
1584,visionary perspective in inmature industry
1585,collaboration
1586,DFT
1587,Cathode material synthesis
1588,electroanalytical evaluation
1589,Electrochemistry
1590,Automation and AI
1591,electrochemistry
1592,battery materials
1593,cell design
1594,technician
1595,developer
1596,engineer
1597,Problem solving
1598,Analysis of Batteries based on use case scenarios
1599,Developing new type of electrochemical materials for state of art battery cells
1600,Software development for monitoring battery cells safety and health
1601,contractual specifics related to BESS
1602,AI in the service of battery optimization
1603,data analysis and modeling
1604,process engineers
1605,cell developers
1606,product for market readiness
1607,Production of cells
1608,scale up
1609,purchasing
1610,Cost Modelling
1611,Supply and Demand
1612,Technical
1613,Electrochemistry
1614,materials science
1615,process engineering
1616,Electrochemistry
1617,team working
1618,data analysis
1619,Technique
1620,Supplier
1621,Comonalization
1622,Understanding MES
1623,Understanding Toyota Way production
1624,Product design validation
1625,Technical knowledge
1626,following trend
1627,analysis on cost structures
1628,Battery manufacturing expertise
1629,battery chemistry expertise
1630,Commercial engagement skills
1631,Understanding of markets and revenue
1632,understanding of the main processes of how to bring projects live
1633,ability to learn new things/not being scared of technical bits
1634,integration skills
1635,optimize battery performance
1636,technical battery knowledge
1637,battery experience
1638,quick learning
1639,Battery Ageing
1640,Non destructive testing
1641,Battery inventory management (Battery Passport)
1642,Physics
1643,chemistry
1644,realism
1645,relationship management
1646,realistical view
1647,economic skills
1648,electrochemical modelling
1649,degradation prediction
1650,R&D
1651,battery analysis
1652,battery engineering
1653,market research and insights
1654,agile and dynamic adaption with technology trend
1655,good communication skill with people from various industries
1656,knowledge of areas adjacent to your specialization in the battery value chain
1657,having technical and managerial skills
1658,understanding the complete battery value chain
1659,technical knowledge
1660,vision for the future
1661,empathy
1662,Curiosity
1663,rigor
1664,teamwork
1665,Predictive maintenance
1666,fill service O&M management
1667,PPA management
1668,Formation and Aging process engineering
1669,Gigafactory Industrialization
1670,Internal HR
1671,coding
1672,leadership
1673,management
1674,materials development
1675,process engineering
1676,cell design and integration
1677,Ability to work with uncertainty
1678,Grit
1679,Persistence
1680,Experience
1681,Competency
1682,Execution
1683,Fabrication/Process/Manufacturing
1684,testing
1685,data analysis and reporting
1686,Battery/cell testing
1687,electrode manufacturing
1688,quality improvement engineering
1689,Merge & Acquisitions
1690,Price analysis
1691,battery design
1692,BMS
1693,control units designs
1694,battery manufacturing process knowledge
1695,supply-chain coordination
1696,regulatory shaping
1697,Electrochemistry
1698,Data Visualization
1699,Data Analysis
1700,Familiarity with power
1701,Protocols
1702,Analytical
1703,Battery Knowledge
1704,Operational Safety
1705,BMS
1706,Flexibility
1707,Achievement Drive
1708,Collaboration
1709,Data Analysis Tools
1710,Depp understaing
1711,marketing info
1712,market knowledge
1713,scale up
1714,honesty about results
1715,Creativity
1716,Solid academic background
1717,technical understanding
1718,Electrochemistry Knowledge
1719,Flexibility
1720,Thinking outside the box
1721,Electrochemistry
1722,Metrology
1723,Material Chemistry
1724,Process scale-up
1725,IP Legal Expertise
1726,Process Development
1727,Communication
1728,Collaboration
1729,Clear communication
1730,electrochemistry knowledge
1731,fundamental battery knowledge
1732,chemistry
1733,electrochemistry
1734,engineering
1735,data processing
1736,fundamental science
1737,Product Knowledge
1738,Experience
1739,Pay
1740,Efficent experimental design
1741,developing business cases given high initial development costs
1742,Pattern recognition from small signals
1743,cell manufacturing
1744,strategy
1745,policy
1746,Vehículos
1747,Marina
1748,"Deep understanding of cells (performance in the field, failure modes, manufacturing realities)"
1749,Controls Engineering for factory tooling
1750,coating development
1751,Design for manufacture
1752,Production know-how
1753,Experience from previous projects
1754,Electrochemical engineering
1755,Process engineering
1756,Procurement
1757,education
1758,communication
1759,willingness to learn
1760,interaction with machines/IT systems
1761,data analysis
1762,experiment design
1763,different skillet
1764,exact role
1765,adaptability
1766,understanding of fundamental mechanisms
1767,problem solving
1768,operational strategy
1769,embedded systems engineering
1770,operational finance
1771,Technical
1772,Communication
1773,Collaboration
1774,material science
1775,battery design
1776,problem solution skills
1777,Application engineering
1778,System engineering
1779,PV engineering
1780,Hard technical skills
1781,communication skills
1782,programming skills
1783,data analysis and characterization
1784,cell prototyping
1785,pyhton
1786,Innovation capacity
1787,electrochemistry
1788,AI modeling
1789,Technical Business Development
1790,Sales
1791,Storytelling
1792,Knowhow
1793,Ability to handle uncertainties
1794,Ability to fix complex problems that no one has handled before
1795,ultrasonic laserwelding
1796,data analysis
1797,electrochemistry
1798,material science
1799,Production scale up
1800,Software
1801,Domain expertise
1802,determination
1803,grit
1804,Statistical analysis
1805,root cause analysis
1806,first principles thinking
1807,endurance
1808,statsistics
1809,creativity
1810,Critical thinking
1811,Material Science
1812,Electrochemistry
1813,Electricity markets
1814,mineral exploration
1815,value driven leadership (vs. bottom line emphasis)
1816,regulation fast-tracking
1817,agility
1818,technical skills
1819,intellectual curiosity
1820,systems engineering
1821,Language and communication across sectors
1822,B2B Marketing
1823,Knowledge of battery tech outside R&D and academia
1824,cell testing
1825,cell design
1826,manufacturing process
1827,Translating an R&D product to a commercial one
1828,Selling that product to prospective buyers
1829,Operations leaders/Managers for facility builds and ongoing management
1830,Cell technology
1831,pack level design and validation
1832,solving cold weather charging
1833,BMS
1834,Recycling
1835,Data analysis
1836,computational skills
1837,battery modelling
1838,data analysis
1839,Battery modeling
1840,Testing
1841,characterisation
1842,Manufacturing
1843,Quality Control
1844,Cell Testing
1845,CSA/MEP design & buildability
1846,Clean & Dry rooms design
1847,Process integration
1848,engineering
1849,designer
1850,cyber-security
1851,landowner relations
1852,town planning app process
1853,local community social license
1854,Negotiation
1855,Supply chain
1856,New Technology
1857,Inovation
1858,collaboration
1859,projection
1860,Battery packs design
1861,BMS testing
1862,ANSYS
1863,Techno-Economical capability for battery storage project
1864,Leadership for concept to commissioning of battery storage project
1865,Battery R&D
1866,cost engineering
1867,production engineering
1868,safety engineering
1869,speaking English
1870,holistic technical knowledge
1871,understanding regulation
1872,understanding of the global chain of valor
1873,electrochemical expertise
1874,basic physics and chemistry common sens
1875,strategic decision
1876,workforce retention
1877,manufacturing expertise
1878,Application engineering
1879,strategic planning
1880,technology development
1881,Reducing costs
1882,accelerating developing cycle
1883,maintain safety
1884,battery modelling
1885,good communication skills
1886,python/C++
1887,innovative
1888,disruptive
1889,technical
1890,multi-physics
1891,innovation minded
1892,fast move minded
1893,System know how
1894,analog know how
1895,model based design
1896,In-depth electrochemistry
1897,Machine Learning data science
1898,bridging academic research and industry
1899,cathode materials preparation
1900,cell fabrication skills
1901,cell testing
1902,Product knowledge
1903,Competitive space
1904,industry direction
1905,Breadth of knowledge
1906,persistence
1907,dedication
1908,Electrochemistry
1909,cell engineering
1910,advanced cell testing
1911,Knowledge
1912,Proficiency
1913,Networking
1914,Soft skills
1915,strategy
1916,analytic skills
1917,writing skills
1918,communicating skills
1919,understanding customer needs
1920,sales
1921,broad tech/chem knowledge
1922,supply chain
1923,Electrochemical testing setup
1924,DOE
1925,failure analysis
1926,leadership
1927,communication
1928,planning
1929,Advanced Data Analytics for Battery Optimization
1930,Expertise in Battery Recycling and Lifecycle Management
1931,Supply Chain Management for Critical Battery Materials
1932,technical sales
1933,solutions engineering
1934,ai general
1935,Experience
1936,Problem-solving ability
1937,Technical proficiency
1938,EIS
1939,Microstructure Effects
1940,Organic Chemistry
1941,Battery Quality with technical expert electrochemistry
1942,"design, process"
1943,Strategy for technology selection
1944,synchrotron based operando analysis
1945,DFT Simulation
1946,advanced characterization techniques
1947,technical understanding
1948,chemical understanding
1949,Electrochemical analysis
1950,manufacturing process design
1951,battery testing
1952,Sourcing
1953,marketing
1954,PR
1955,Interpersonal
1956,economics
1957,contracting
1958,Python
1959,electrochemical testing
1960,crystallography
1961,Project/Program Management
1962,Analytics
1963,Supply Chain Planning
1964,Open minded
1965,flexibility
1966,efficiency
1967,Generalist
1968,Data engineering
1969,Process engineering
1970,Market intelligence
1971,Long term strategy
1972,Fire safety knowledge
1973,region specific planning and regulations knowledge
1974,knowledge in the pre-contract stage of projects
1975,chemical knowledge
1976,material process knowledge
1977,teamwork
1978,teamwork
1979,communication
1980,presentation
1981,Technical Project Management
1982,Leadership
1983,Strategic Roadmaps
1984,keeping your mouth shut
1985,employer does bad things
1986,Battery Repair Technician
1987,Battery Quality Specialist
1988,Battery Charge infrastructure engineer
1989,Data interpretation
1990,electrochemistry
1991,surface knowledge
1992,Electrochemistry and Battery Chemistry
1993,Battery Management Systems (BMS)
1994,Advanced Manufacturing and Automation(Conveyor system)
1995,Software desin skills (at management level: strong understanding)
1996,Ability of interpreting results and evaluating risks
1997,Go through all the hurdles. No short-cuts allowed.
1998,Adaptability
1999,team work
2000,staying on task
2001,clear communication
2002,cell-level design
2003,BMS tuning
2004,social license
2005,grid connection
2006,town planning
2007,Training
2008,Industry knowledge
2009,Consistent follow through
2010,Electrical skills
2011,Chemical skills
2012,Cyber skills
2013,Design
2014,Application
2015,validation
2016,Knowledge
2017,Fabrication
2018,Testing
2019,Market analysis
2020,customer relations
2021,strategy
2022,Research
2023,Validation
2024,Technical Skill
2025,Renewable energy
2026,life cycle
2027,toolkit
2028,Electrochemistry
2029,Post-mortem
2030,electrode materials
2031,Electrochemical Expertise
2032,Materials Science Knowledge
2033,Electrical Engineering Proficiency
2034,Battery Chemistry
2035,Battery Project Management
2036,Battery data analysis and Simulation tools
2037,MATLAB
2038,COMSOL
2039,python
2040,cell assembly and testing
2041,Material Synthesis
2042,Material Characterization
2043,Product design
2044,problem-solving
2045,teamwork
2046,electrochemistry
2047,Design
2048,assembly
2049,formation
2050,Knowledge about battery design
2051,knowledge of relevant industry standards
2052,"knowledge of other components interacting with battery such as thermal, electrical, mechanical, electronics"
2053,Design and simulation
2054,Research
2055,problem solving skills
2056,Cost engineering
2057,autonomy
2058,agility
2059,technical knowledge
2060,recycling knowledge
2061,simulation
2062,material design
2063,prototipation
2064,collaborate in teams
2065,efficiency
2066,good communication
2067,Electrical engineering
2068,diagnosis
2069,inorganic chemistry
2070,Electrochemistry
2071,Market knowledge
2072,Innovation management
2073,Battery Life Cycle Analysis
2074,Advanced Battery Management System Design
2075,Battery Dynamic Modeling and Simulation
2076,Electrochemistry
2077,Functional Safety
2078,Problem solving
2079,Cost Management
2080,production planning
2081,business management
2082,Flexibility
2083,Resilience
2084,Adaptability
2085,failure mode analysis
2086,degradation mechanism
2087,life prediction
2088,Technical & scientifical mastering
2089,Forward-looking vision
2090,Knowledge of markets and business applications
2091,Electrochemistry
2092,Materials Science/Engineering
2093,scale up
2094,ability to deliver project
2095,big picture understanding of the market
2096,scaling
2097,Flexibility
2098,Adaptability
2099,Long-term view
2100,Experience
2101,flexibility
2102,innovation
2103,Environmental Knowledge
2104,battery management systems
2105,metallurgical/mineral processing
2106,Market knowledge
2107,Supply Chain
2108,Group management skills
2109,codding
2110,grant writing
2111,business skills
2112,Innovation
2113,Cost
2114,Sample
2115,Materials science
2116,characterizations
2117,process engineering
2118,relation between material and tolerance trains
2119,impact on scaling production to fully automated mass assembly
2120,complete value chain from own process to material supplier
2121,Expérience
2122,Agility
2123,Lean Management
2124,Mass manufacturing
2125,electrochemical diagnostic
2126,supply chain
2127,Manufacturing scale-up
2128,domain expertise
2129,network
2130,passion
2131,Chip designers
2132,Firmware coders
2133,Algorithm development
2134,Process Development
2135,Manufacturing Validation
2136,Integration and Automation
2137,Scale-up
2138,synthesis
2139,data analytics
2140,electronics
2141,bms
2142,data science
2143,problem solving
2144,system thinking
2145,honesty
2146,FMEA
2147,DFM
2148,Scale-Up
2149,cross-functionality
2150,Critical thinking
2151,creativity
2152,science communication
2153,Engineering
2154,Project Management
2155,metrology
2156,sensing
2157,physics technicians
2158,BMS knowledge
2159,battery cell experience (safety and performance)
2160,power electronics
2161,Project leadership
2162,electrochemistry
2163,communication
2164,Network Time spent
2165,Technic Knowledge
2166,Flexibility
2167,Perserverance
2168,Vision
2169,Analog EE expertise
2170,FW optimization
2171,hazard analysis
2172,Fuel gauge programming
2173,manufacturing
2174,testing
2175,battery applications
2176,emerging chemistry
2177,business modeling
2178,External stakeholder management
2179,setting internal strategy
2180,Chemistry
2181,Code
2182,Physics
2183,Cell modelling
2184,BMS coding
2185,ai integration with battery
2186,Modeling
2187,optimization
2188,creativity
2189,electrochemistry
2190,mechanics
2191,communication
2192,Technicians
2193,Power electronics
2194,economic
2195,collaboration
2196,Statistical knowledge
2197,practical knowledge about cell production process
2198,creativity
2199,Understanding of how to match energy storage with solar and EV chargers
2200,properly manage the KW stored for point of use or grid support
2201,true life cycle cost of joining energy storage with solar and EV chargers
2202,understanding why certain things are done in certain ways and what happens if you change them
2203,ability to innovate rather than to follow
2204,getting along with your managers and coworkers
2205,Curious
2206,flexible
2207,patient
2208,software
2209,maccor data
2210,Python
2211,Cell quality control
2212,cell manufacturing scale-up (US battery manufacturing)
2213,cell mechanical design
2214,understanding fundamentals
2215,innovation
2216,commitment
2217,Industry knowledge
2218,market trends
2219,new technology knowledge
2220,decision making
2221,cost analysis
2222,AI/ML
2223,DFT simulations
2224,New technologies
2225,Laser welding
2226,Designing batteries
2227,Sales
2228,battery manufacturing expertise
2229,electrochemical techniques understanding
2230,integration of manufacturing ability with Ai and Machine learning
2231,Technical knowledge
2232,business models
2233,financial-technical competence
2234,Project Managment
2235,Adaptability
2236,Chemistry Expertise
2237,Cross disciplinary engineering knowledge
2238,project management
2239,comfort with uncertainty
2240,hands-on industry experience
2241,creativity
2242,scale up processing
2243,Knowledge of electric markets
2244,Understanding of the value chain / value stack for battery storage
2245,ability to learn and adapt
2246,Scientific reasoning
2247,Knowledge of the field
2248,Problem-solving
2249,System Engineering
2250,execution
2251,compliance
2252,Understanding of electrical circuits
2253,Statistics
2254,Ability to get things done
2255,Electrochemistry
2256,business acumen
2257,Materials manufacturing
2258,root cause analysis investigating
2259,technical familiarity with other disciplines
2260,Material Engineering/Science
2261,Battery cell engineering
2262,process engineering
2263,manufacturing
2264,Emotional intelligence
2265,flexibility
2266,perseverance
2267,Interest in learning technology
2268,Interaction with the industry
2269,Understanding the overall supply chain and requirements by applications
2270,Sizing
2271,Interfaces between components
2272,Electrochemistry
2273,Material science
2274,process engineering
2275,Embedded Software
2276,Electrical Design
2277,Customer insight
2278,long term experience
2279,battery specific technical knowledge
2280,Testing
2281,Design
2282,R&D
2283,Engineering
2284,Materials
2285,Safety
2286,Data analysis
2287,cost modeling
2288,electrochemistry
2289,Characterisation
2290,electrochemistry
2291,data analysis
2292,problem solving
2293,creativity
2294,innovation
2295,scaling up
2296,impedance analysis
2297,familiarity with technology
2298,R&D
2299,Supply Chain
2300,Manufacturing
2301,engineering
2302,capex
2303,commissioning
2304,Cell Development
2305,Battery Characterisation
2306,Battery scale-up
2307,Data analysis
2308,knowledge of electro chemistry
2309,understanding of the market
2310,Data Engineering
2311,Computer Vision
2312,Machine Learning
2313,Simulation/Modeling
2314,"Failure Analysis (Dissection, SEM)"
2315,Test Equipment Design
2316,Manufacturing technology
2317,material supply chain
2318,new product integration
2319,statistics
2320,data analysis
2321,experimental design
2322,Material processing
2323,business leadership
2324,data analysis
2325,statistics
2326,automation and reliability
2327,Computer programming
2328,mechanical engineer
2329,data science
2330,Experience in industrialization and provision
2331,Data processing and analysis
2332,The ability to integrate various characterization method
2333,Project management
2334,Marketing
2335,Fundraising
2336,Materials
2337,process
2338,simulation
2339,Thirst for knowledge
2340,Systemic thinking
2341,Analytical problem solving
2342,Safety
2343,Quality
2344,Manufacturing
2345,Cell design
2346,Process development
2347,Formation
2348,Synthesis
2349,EIS
2350,CV
2351,Fundamental knowledge of battery chemistry
2352,Hands on experience for cell fabrication
2353,Electrochemical analysis
2354,deep understanding of battery value chain
2355,deep understanding of cell cathod active material
2356,deep understanding of battery economics and geo politics
2357,Electrochemistry
2358,Software
2359,Hardware
2360,Materials Chemistry
2361,Electrochemistry
2362,Intellectual Property Building Capabilities
2363,Simulation study
2364,Material Research
2365,Battery design
2366,Battery design
2367,Battery testing and validation
2368,Application Engineering
2369,Vehicle integration
2370,courage
2371,vision
2372,Transparency in methods
2373,communication with leaders
2374,critical review
2375,Electrochemistry
2376,simulation
2377,manufacturing (scale up)
2378,analitical mind
2379,curiosity
2380,adaptability
2381,capability to work with large datasets
2382,deep understanding of battery physics
2383,understanding challenges of each manufacture step
2384,material handling
2385,Mixing
2386,whole process of the battery manufacturing
2387,containment
2388,contamination control
2389,mitigating waste
2390,Solids handling experience
2391,pyrometallurgy
2392,process architecture/operability
2393,recognizing patterns
2394,safety focus
2395,system integration
2396,Critical thinking
2397,technical battery knowledge
2398,persistency
2399,Understanding Cells
2400,Packaging
2401,BMS algorithms
2402,Cell design
2403,chemistry
2404,ELECTROCHEMISTRY
2405,Patience
2406,sharing knowledge
2407,Decision making
2408,strategy development
2409,data analysis
2410,power management
2411,networking
2412,chemical engineering
2413,Manufacturing process scale-up
2414,broad skillsets
2415,battery knowledge
2416,data analysis
2417,Technical
2418,management
2419,Business acumen
2420,AI generall knowledge
2421,automotive transformation to electrification direction
2422,Manufacturing expertise
2423,critical thinking
2424,Battery Technician
2425,Economics
2426,Manufacturing at scale
2427,Business strategy
2428,Materials Science
2429,Power mgmt
2430,safety
2431,R&D
2432,Pack design
2433,cell testing
2434,process design
2435,Understanding battery chemistry
2436,degradation
2437,market dynamics
2438,Failure mode and effect analysis
2439,Electrochemistry and modelling
2440,HV technicians
2441,Network
2442,experience
2443,business development
2444,Battery Systems Engineering
2445,Software Development
2446,Asset Management
2447,Sustainability
2448,Innovation
2449,Systems Thinking
2450,cell chemistry modeling
2451,Machine learning
2452,system modeling
2453,Data Analysis
2454,DoE
2455,Physics
2456,anode electrode development
2457,electrode/cell manufacturing (in the US)
2458,teamwork and collaboration
2459,Laboratory skills
2460,Data Analytical skills
2461,Communication
2462,DOE
2463,scale-up
2464,data analysis
2465,problem solving skills
2466,creative and intuitive solutions
2467,thinking outside the box
2468,Complex Problem Solving
2469,Negotiation
2470,Analytical thinking
2471,People skills
2472,economics
2473,project management
2474,research scientist
2475,project manager
2476,battery manufacturing experience
2477,leadership
2478,creativity
2479,adaptivity
2480,Integrated(Hardware & Battery)
2481,Quality Controls
2482,Performance data analysis using standard tools
2483,Technology
2484,Electrochemical Testing
2485,Cell Fabrication
2486,Data Analysis
2487,Electrochemistry/Battery Transport Phenomena
2488,Structural/Mechanical Design
2489,Industrial Design/Manufacturing Process Engineering
2490,innovation on materials
2491,data analytics
2492,understanding of manufacturing workflow
2493,Process
2494,Data
2495,Test
2496,Electrochemistry
2497,Material Science
2498,Process Engineering
2499,quality control
2500,Strategic cost analysis
2501,networking
2502,marketing
2503,Teamworking
2504,Innovative mindset
2505,Dedication
2506,Production
2507,cell design
2508,technical expertise
2509,bms
2510,management
2511,Materials synthesis
2512,Cell assembly
2513,Electrode production
2514,Thermal Management and Safety Engineering
2515,Battery Recycling and Lifecycle Analysis
2516,Electrochemical Simulation and Modeling
2517,BMS solutions & battery algorithms
2518,mechanical design
2519,Cathode materials
2520,anode materials
2521,electrolyte materials
2522,Industry experience
2523,electrochemistry knowledge
2524,mechanical engineering knowledge
2525,Electrochemistry and Battery Chemistry
2526,Sustainability Practices and Recycling Knowledge
2527,Data Analysis
2528,mathematically thinking
2529,electrochemical analysis
2530,modeling and statistical analysis
2531,Flexibility
2532,Aesthetic
2533,Ability to think outside the box
2534,Combining chemical knowledge with DoE skills
2535,Healthy failure culture
2536,Research
2537,Testing
2538,cell testing
2539,cell building
2540,cell assembly
2541,Safety knowledge
2542,engineering/software
2543,innovation
2544,manufacturing
2545,Problem solving and critical thinking
2546,code-based data analysis
2547,Detail oriented
2548,Cell level performance and analytics
2549,supply chain expertise and manufacturing knowledge
2550,Adaptability
2551,synthesis
2552,innovation
2553,Technical Understanding
2554,Software skills
2555,Chemistry
2556,Process Engineering
2557,Material Science
2558,Program Management
2559,Chemistry
2560,process knowledge
2561,experience
2562,Basic Electrochemistry
2563,data analysis with python
2564,materials science
2565,Technical understanding
2566,Business development skill translating technical into revenue
2567,lack of young people interested in the industry
2568,understanding of interconnection processes
2569,VPPs
2570,regulatory framework
2571,Technical knowledge
2572,enthusiasm
2573,internationality
2574,Data engineering
2575,product management
2576,wholesale market knowledge
2577,collaborative
2578,creative
2579,Data science
2580,pack testing
2581,communication
2582,Manufacturing expertise
2583,Material Science
2584,Electrochemistry
2585,Simulation
2586,manufacturing
2587,product design
2588,Electrochemical data analysis
2589,Electrode Manufacturing
2590,Material Characterization
2591,Process knowledge
2592,technical skills
2593,electrochemistry
2594,Electrode preparation
2595,Cell testing
2596,Materials Science
2597,Manufacturing Process Engineering
2598,Electrochemistry
2599,tech-knowledge
2600,market sensitivity
2601,business engagement
2602,Project development
2603,project management
2604,battery knowledge
2605,Coding
2606,machine learning
2607,data analytics
2608,Communication
2609,Experience
2610,Technical knowhow
2611,Collaboration
2612,Communication
2613,Efficiency
2614,Supply chain expertise
2615,technological skills
2616,ability to scale-up
2617,Cell manufacturing
2618,Raw Materials production
2619,Qualified Chemists
2620,Perseverance
2621,communication
2622,Hands on practical problem solving
2623,manufacturing
2624,design
2625,planning
2626,Production
2627,Supply Chain
2628,Quality
2629,Battery selection based on duty cycle
2630,Battery Analysis
2631,Data analysis
2632,Analyzing data
2633,quality control
2634,SOP development
2635,Analytical abilities
2636,Logics
2637,Ability to express one's thoughts
2638,ceramic coatings engineering
2639,cell assembly engineering
2640,facilities debris mitigation engineering
2641,Data Analytics
2642,Materials Science
2643,Electrochemistry
2644,Interdisicplinary understanding
2645,critical thinking
2646,value chain understanding
2647,Ability to handle stress
2648,Communications
2649,Electrochemistry
2650,Industrialisation 1
2651,cost management 2
2652,supply chain 3
2653,Experience
2654,Expertise
2655,Humility
2656,Battery system design
2657,manufacturing engineering
2658,cell manufacturing
2659,Battery manufacturing experience
2660,battery cell development (from idea to manufactured product)
2661,statistical quality control
2662,Material science
2663,electrochemistry
2664,cell engineering
2665,Electrochemistry modeling
2666,polymer electrochemistry
2667,scale-up knowledge
2668,Project management
2669,battery cell manufacturing
2670,solid electrolytes
2671,Electricians
2672,chemistry
2673,chem e
2674,magnetics engineers
2675,electrochemists
2676,electrical engineers
2677,Electrochemistry knowledge
2678,cell engineering
2679,multiscale modeling
2680,Controls/PLC
2681,mechanical
2682,SCADA
2683,Creativity
2684,Materials Science
2685,Solid State Chemistry
2686,Fire safety
2687,validation
2688,software data analysis
2689,failure analysis
2690,material synthesis
2691,Foresight
2692,sense of the present environment
2693,Battery performance
2694,data analysis
2695,impedance spectroscopy
2696,Electrochemistry
2697,cell engineering
2698,cell design
2699,Spot welding
2700,Leak Testing
2701,Progressive Stamping
2702,Deep Technical Knowledge
2703,Rejection of Non fact-based evidence
2704,Desire to learn instead of relying on previous experience
2705,chinese
2706,development of battery chemistry
2707,sustainability
2708,Battery Technology
2709,Battery Chemistry
2710,Business consulting
2711,Electrochemistry
2712,Solid State Chemistry
2713,Lithium Battery
2714,Cell design engineer/scientist
2715,Cell Simulation
2716,Cell Testing
2717,Cathode research
2718,Electrode manufacturing
2719,work for industry needs
2720,EV charging system
2721,BESS dynamics
2722,Remote battery control
2723,Marketing
2724,automotive advanced exerience
2725,Battery recycling
2726,battery cell tasting
2727,Battery maintenance in EV
2728,supply chain and inspection of battery materials
2729,Characterization and quality control of raw materials and also semi-products
2730,production process parameters and cell designing
2731,Engineers with Business Skills
2732,Consulting
2733,sales
2734,engineering
2735,Data analysis
2736,root cause analysis
2737,electrochemistry
2738,creativity
2739,emotional intelligence
2740,electricity market understanding
